example,year,closest_HELM_language,visual_collected,best_verified_source,status_note
LCARS / Star Trek: The Next Generation,1987,Command-Console,Yes,https://ion.studio/25th-century-lcars,Modern portfolio study under the Star Trek design lineage
Stark HUD and J.A.R.V.I.S. / Iron Man,2008,Tactical HUD,Yes,https://www.cantinacreative.com/film/iron-man-3,First-party studio portfolio
MOTHER / MU-TH-UR 6000 / Alien,1979,Industrial Terminal,Yes,https://typesetinthefuture.com/2014/12/01/alien/,Strong specialist study with Ron Cobb material
Vector HUDs and targeting computers / Star Wars,1977,Vector-Wireframe,Yes,https://www.hudsandguis.com/home/2017/3/7/rogue-one-ui,Modern studio-work archive plus original-film still
ESPER / Blade Runner,1982,Retro-Forward,Partial,https://fatpencilstudio.com/blog/zoom-and-enhance/,Scene still and real-world critique; no designer portfolio found
Gestural Pre-Crime interface / Minority Report,2002,Gestural Holographic,Yes,https://imaginaryforces.com/project/minority-report,First-party studio portfolio
HAL 9000 displays / 2001: A Space Odyssey,1968,NASA-Utilitarian,Yes,https://shot.cafe/movie/2001-a-space-odyssey-1968/screen,Film-still archive
Dead Space diegetic HUD,2008,Diegetic Wearable,Yes,https://gdcvault.com/play/1017723/Crafting-Destruction-The-Evolution-of,Lead UI designer GDC session plus stills
The Expanse ship and civic interfaces,2015-2022,Hard-Realism Tactical,Yes,https://www.hudsandguis.com/home/2021/theexpanse,Designer interview and image archive
TRON computer world,1982,Neon-Grid,Yes,https://tron.popapostle.com/html/episodes/Tron.htm,Film-still archive
Terminator / T2 machine vision,1984-1991,Tactical HUD,No,https://ux.stackexchange.com/questions/998/interesting-user-interfaces-from-sci-fi-movies-tv,Confirmed in source thread; better rights-cleared still still needed
The Island Merrick desk,2005,Tabletop-Motion,Yes,https://istartedsomething.com/20070621/the-island-not-microsoft-surface/,Designer explanation and large interface still
Matrix Reloaded Zion control room,2003,Monochrome-Blueprint,Yes,https://www.hudsandguis.com/home/2012/05/16/the-matrix-reloaded-ui-design,Specialist archive
Ghost in the Shell: Stand Alone Complex,2002-2005,Gestural Holographic,No,https://ux.stackexchange.com/questions/998/interesting-user-interfaces-from-sci-fi-movies-tv,Confirmed in source thread; no production portfolio retained
The Animatrix robot point of view,2003,Tactical HUD,No,https://ux.stackexchange.com/questions/998/interesting-user-interfaces-from-sci-fi-movies-tv,Thread example only
X-Men 3D map,2000-2006,Gestural Holographic,No,https://ux.stackexchange.com/questions/998/interesting-user-interfaces-from-sci-fi-movies-tv,Thread example only
KITT / Knight Rider,1982-1986,Command-Console,No,https://ux.stackexchange.com/questions/998/interesting-user-interfaces-from-sci-fi-movies-tv,Voice-agent example; no visual retained
Avatar human and Na'vi interfaces,2009,Gestural Holographic,No,https://ux.stackexchange.com/questions/998/interesting-user-interfaces-from-sci-fi-movies-tv,Confirmed in source thread
District 9 mech HUD and alien navigation,2009,Diegetic Wearable,No,https://ux.stackexchange.com/questions/998/interesting-user-interfaces-from-sci-fi-movies-tv,Strong written entry; no stable large image retained
Final Fantasy: The Spirits Within wrist computer,2001,Diegetic Wearable,No,https://ux.stackexchange.com/questions/998/interesting-user-interfaces-from-sci-fi-movies-tv,Thread example only
Stranger Than Fiction screen typography,2006,Tabletop-Motion,No,https://ux.stackexchange.com/questions/998/interesting-user-interfaces-from-sci-fi-movies-tv,MK12 motion reference; interface is mostly non-diegetic
Andromeda Ascendant AI,2000-2005,Command-Console,No,https://ux.stackexchange.com/questions/998/interesting-user-interfaces-from-sci-fi-movies-tv,Agent-as-character example
The Hitchhiker's Guide device,1978 onward,Corporate-Liner,No,https://ux.stackexchange.com/questions/998/interesting-user-interfaces-from-sci-fi-movies-tv,Handheld reference-device lineage
24 mail and operations UI,2001-2010,Hard-Realism Tactical,No,https://ux.stackexchange.com/questions/998/interesting-user-interfaces-from-sci-fi-movies-tv,Useful anti-pattern; no visual retained
Gamer full-body control room,2009,Gestural Holographic,No,https://ux.stackexchange.com/questions/998/interesting-user-interfaces-from-sci-fi-movies-tv,Thread example only
World Builder holographic authoring tools,2007,Gestural Holographic,No,https://ux.stackexchange.com/questions/998/interesting-user-interfaces-from-sci-fi-movies-tv,Short-film reference; public video remains the best source
TRON: Legacy,2010,Neon-Grid,No,https://ux.stackexchange.com/questions/998/interesting-user-interfaces-from-sci-fi-movies-tv,Modern extension of TRON language
Swordfish hacking UI,2001,Industrial Terminal,No,https://ux.stackexchange.com/questions/998/interesting-user-interfaces-from-sci-fi-movies-tv,Stylized hacker-interface anti-pattern
Quantum of Solace MI6 table and wall,2008,Tabletop-Motion,Yes,https://www.hudsandguis.com/home/2011/06/09/007-quantum-of-solace,MK12 work archive
WALL-E Axiom displays,2008,Corporate-Liner,Yes,https://scifiinterfaces.com/2014/01/16/5651/,Multi-image specialist critique
The Andromeda Strain Wildfire displays,1971,Industrial Terminal,Yes,https://ux.stackexchange.com/questions/998/interesting-user-interfaces-from-sci-fi-movies-tv,Strong still for interface-as-narrator
Red Dwarf Holly,1988 onward,Command-Console,No,https://ux.stackexchange.com/questions/998/interesting-user-interfaces-from-sci-fi-movies-tv,Anthropomorphic interface example
Firefox thought-controlled weapons,1982,Diegetic Wearable,No,https://ux.stackexchange.com/questions/998/interesting-user-interfaces-from-sci-fi-movies-tv,Invisible-interface edge case
Justice League Cyborg and Batcave UI,2017,Tactical HUD,Yes,https://stevenbussey.com/Justice-League,Designer portfolio and BLIND credit
The Dark Knight sonar surveillance,2008,Sonar-Surveillance,Yes,https://nearfuturelaboratory.com/blog/2010/03/2010-03-26-design-fiction-chronicles-the-dark-knights-ubicomp-mobile-phone-sonar/,Strong design-fiction analysis plus still
The Dark Knight Rises reactor UI,2012,NASA-Utilitarian,No,https://jorgeonline.me/The-Dark-Knight-Rises,Designer portfolio found; visual not retained
The Fifth Estate WikiLeaks UI,2013,Industrial Terminal,No,https://www.sitepoint.com/14-top-sci-fi-designs-to-inspire-your-next-interface/,List source; portfolio page unavailable
Doom UAC facility and BFG UI,2005,Industrial Terminal,No,https://www.sitepoint.com/14-top-sci-fi-designs-to-inspire-your-next-interface/,List source; BLIND social trace only
Rogue One screen graphics,2016,Retro-Forward,Yes,https://www.hudsandguis.com/home/2017/3/7/rogue-one-ui,Large montage plus film still
Mute future-Berlin graphics,2018,Neon-Grid,Yes,https://dabinmotion.ch/mute,Designer portfolio
Doctor Strange medical UI,2016,Neuro-Medical,Yes,https://www.maxon.net/es/article/spov-helps-doctor-strange-live-up-to-his-name,SPOV case study with large images
Mission: Impossible - Rogue Nation Torus UI,2015,Sonar-Surveillance,Yes,https://territorystudio.com/project/mission-impossible-rogue-nation/,First-party studio portfolio
Life ISS graphics,2017,NASA-Utilitarian,Yes,https://www.pushing-pixels.org/2017/07/07/the-art-and-craft-of-screen-graphics-interview-with-andrea-braga.html,Designer interview with large images
Interstellar Endurance and TARS screens,2014,NASA-Utilitarian,Yes,https://www.chriskieffer.com/work/interstellar,Designer portfolio with live-playback account
Passengers Avalon interfaces,2016,Corporate-Liner,Yes,https://www.chriskieffer.com/work/passengers,Designer portfolio with eight large images
The Cabin in the Woods facility control room,2012,Hard-Realism Tactical,Yes,https://michaeltcorrado.com/cabin-in-the-woods/,Production-artist portfolio plus control-room image
Independence Day: Resurgence Area 51 UI,2016,Hard-Realism Tactical,Yes,https://ion.studio/idr,Designer portfolio and Twisted Media credit
